{"cameraMode":{"drawMode":0,"name":"Shaded","section":"Shading Mode"},"sceneLighting":true,"audioPlay":false,"sceneViewState":{"showFog":true,"showMaterialUpdate":false,"showSkybox":true,"showFlares":true,"showImageEffects":true,"showParticleSystems":true},"in2DMode":false,"pivot":{"x":5.5490217208862309,"y":-0.7619547843933106,"z":-2.1691994667053224},"rotation":{"x":-0.012465592473745346,"y":0.9618554711341858,"z":-0.26963168382644656,"w":-0.04446835815906525},"size":10.0,"orthographic":false}