{"cameraMode":{"drawMode":0,"name":"Shaded","section":"Shading Mode"},"sceneLighting":true,"audioPlay":false,"sceneViewState":{"showFog":true,"showMaterialUpdate":false,"showSkybox":true,"showFlares":true,"showImageEffects":true,"showParticleSystems":true},"in2DMode":false,"pivot":{"x":1.6343603134155274,"y":3.6207809448242189,"z":-2.450155735015869},"rotation":{"x":-0.00992355402559042,"y":0.9691599607467651,"z":-0.039573028683662418,"w":-0.24303193390369416},"size":10.0,"orthographic":false}