{"cameraMode":{"drawMode":0,"name":"Shaded","section":"Shading Mode"},"sceneLighting":false,"audioPlay":false,"sceneViewState":{"showFog":true,"showMaterialUpdate":false,"showSkybox":false,"showFlares":true,"showImageEffects":true,"showParticleSystems":true},"in2DMode":false,"pivot":{"x":0.0,"y":1.3339999914169312,"z":-49.540000915527347},"rotation":{"x":0.004837831482291222,"y":-0.5264330506324768,"z":-0.0029957368969917299,"w":-0.8502089977264404},"size":3.1125693321228029,"orthographic":false}