{"cameraMode":{"drawMode":0,"name":"Shaded","section":"Shading Mode"},"sceneLighting":true,"audioPlay":false,"sceneViewState":{"showFog":true,"showMaterialUpdate":false,"showSkybox":true,"showFlares":true,"showImageEffects":true,"showParticleSystems":true},"in2DMode":false,"pivot":{"x":8.062357902526856,"y":1.4744482040405274,"z":-0.06173992156982422},"rotation":{"x":-0.24088145792484284,"y":0.01659279316663742,"z":-0.0041187601163983349,"w":-0.9704040288925171},"size":10.0,"orthographic":false}