{"cameraMode":{"drawMode":0,"name":"Shaded","section":"Shading Mode"},"sceneLighting":true,"audioPlay":false,"sceneViewState":{"showFog":true,"showMaterialUpdate":false,"showSkybox":true,"showFlares":true,"showImageEffects":true,"showParticleSystems":true},"in2DMode":false,"pivot":{"x":-2.903639078140259,"y":38.50095748901367,"z":-119.86624908447266},"rotation":{"x":0.0011902924161404372,"y":-0.01740257255733013,"z":-0.00002067077366518788,"w":-0.9998510479927063},"size":9.365644454956055,"orthographic":false}