{"cameraMode":{"drawMode":0,"name":"Shaded","section":"Shading Mode"},"sceneLighting":false,"audioPlay":false,"sceneViewState":{"showFog":true,"showMaterialUpdate":false,"showSkybox":false,"showFlares":true,"showImageEffects":true,"showParticleSystems":true},"in2DMode":false,"pivot":{"x":-15.14593505859375,"y":6.8944549560546879,"z":-6.545607566833496},"rotation":{"x":0.14080914855003358,"y":-0.02197088859975338,"z":0.00311192125082016,"w":0.9898112416267395},"size":47.47686004638672,"orthographic":false}