{"cameraMode":{"drawMode":0,"name":"Shaded","section":"Shading Mode"},"sceneLighting":false,"audioPlay":false,"sceneViewState":{"showFog":true,"showMaterialUpdate":false,"showSkybox":false,"showFlares":true,"showImageEffects":true,"showParticleSystems":true},"in2DMode":false,"pivot":{"x":71.8723373413086,"y":7.882306098937988,"z":11.696171760559082},"rotation":{"x":-0.3498617708683014,"y":0.31477418541908266,"z":-0.1260303407907486,"w":-0.8733444213867188},"size":261.2458801269531,"orthographic":false}