{"cameraMode":{"drawMode":0,"name":"Shaded","section":"Shading Mode"},"sceneLighting":false,"audioPlay":false,"sceneViewState":{"showFog":true,"showMaterialUpdate":false,"showSkybox":false,"showFlares":true,"showImageEffects":true,"showParticleSystems":true},"in2DMode":false,"pivot":{"x":3.1399002075195314,"y":5.681999683380127,"z":-15.857999801635743},"rotation":{"x":0.1449776142835617,"y":0.06555724889039993,"z":-0.00963794905692339,"w":0.9872387051582336},"size":6.218695640563965,"orthographic":false}