{"cameraMode":{"drawMode":0,"name":"Shaded","section":"Shading Mode"},"sceneLighting":true,"audioPlay":false,"sceneViewState":{"showFog":true,"showMaterialUpdate":false,"showSkybox":true,"showFlares":true,"showImageEffects":true,"showParticleSystems":true},"in2DMode":false,"pivot":{"x":0.4200000762939453,"y":60.5,"z":-14.139840126037598},"rotation":{"x":-0.17020496726036073,"y":0.05524735525250435,"z":-0.00955766811966896,"w":-0.983813464641571},"size":9.365643501281739,"orthographic":false}