{"cameraMode":{"drawMode":0,"name":"Shaded","section":"Shading Mode"},"sceneLighting":true,"audioPlay":false,"sceneViewState":{"showFog":true,"showMaterialUpdate":false,"showSkybox":true,"showFlares":true,"showImageEffects":true,"showParticleSystems":true},"in2DMode":false,"pivot":{"x":6.813934803009033,"y":0.9224110245704651,"z":0.8600292205810547},"rotation":{"x":-0.6401997804641724,"y":0.008524471893906594,"z":-0.00710483081638813,"w":-0.7681283354759216},"size":10.0,"orthographic":false}