{"cameraMode":{"drawMode":0,"name":"Shaded","section":"Shading Mode"},"sceneLighting":true,"audioPlay":false,"sceneViewState":{"showFog":true,"showMaterialUpdate":false,"showSkybox":true,"showFlares":true,"showImageEffects":true,"showParticleSystems":true},"in2DMode":false,"pivot":{"x":5.414542198181152,"y":1.6853257417678834,"z":2.1189358234405519},"rotation":{"x":-0.47087594866752627,"y":-0.039147939532995227,"z":0.020921925082802774,"w":-0.8810825943946838},"size":10.0,"orthographic":false}