{"cameraMode":{"drawMode":0,"name":"Shaded","section":"Shading Mode"},"sceneLighting":false,"audioPlay":false,"sceneViewState":{"showFog":true,"showMaterialUpdate":false,"showSkybox":false,"showFlares":true,"showImageEffects":true,"showParticleSystems":true},"in2DMode":false,"pivot":{"x":0.0,"y":-0.24734704196453095,"z":-1.1175870895385743e-8},"rotation":{"x":-0.15700805187225343,"y":-0.14110331237316132,"z":0.022674093022942544,"w":-0.9772106409072876},"size":1.533974289894104,"orthographic":false}