{"cameraMode":{"drawMode":0,"name":"Shaded","section":"Shading Mode"},"sceneLighting":true,"audioPlay":false,"sceneViewState":{"showFog":true,"showMaterialUpdate":false,"showSkybox":true,"showFlares":true,"showImageEffects":true,"showParticleSystems":true},"in2DMode":false,"pivot":{"x":8.955355644226075,"y":1.4543216228485108,"z":-0.28873950242996218},"rotation":{"x":-0.49102216958999636,"y":-0.011239510960876942,"z":0.006335880607366562,"w":-0.871051549911499},"size":10.0,"orthographic":false}