{"cameraMode":{"drawMode":0,"name":"Shaded","section":"Shading Mode"},"sceneLighting":true,"audioPlay":false,"sceneViewState":{"showFog":true,"showMaterialUpdate":false,"showSkybox":true,"showFlares":true,"showImageEffects":true,"showParticleSystems":true},"in2DMode":false,"pivot":{"x":9.5277681350708,"y":1.8733774423599244,"z":0.2053872048854828},"rotation":{"x":-0.009197245351970196,"y":0.9776108264923096,"z":-0.20562227070331574,"w":-0.04372747614979744},"size":10.0,"orthographic":false}