{"cameraMode":{"drawMode":0,"name":"Shaded","section":"Shading Mode"},"sceneLighting":true,"audioPlay":false,"sceneViewState":{"showFog":true,"showMaterialUpdate":false,"showSkybox":true,"showFlares":true,"showImageEffects":true,"showParticleSystems":true},"in2DMode":false,"pivot":{"x":4.559307098388672,"y":0.8794755935668945,"z":-2.838258743286133},"rotation":{"x":-0.017276912927627565,"y":0.9790179133415222,"z":-0.17998237907886506,"w":-0.09397809952497482},"size":10.0,"orthographic":false}