{"cameraMode":{"drawMode":0,"name":"Shaded","section":"Shading Mode"},"sceneLighting":true,"audioPlay":false,"sceneViewState":{"showFog":true,"showMaterialUpdate":false,"showSkybox":true,"showFlares":true,"showImageEffects":true,"showParticleSystems":true},"in2DMode":false,"pivot":{"x":5.743523120880127,"y":14.253216743469239,"z":-8.07028579711914},"rotation":{"x":-0.5630049705505371,"y":-0.06750733405351639,"z":0.04621507227420807,"w":-0.8223943114280701},"size":2.8770625591278078,"orthographic":false}