{"cameraMode":{"drawMode":0,"name":"Shaded","section":"Shading Mode"},"sceneLighting":true,"audioPlay":false,"sceneViewState":{"showFog":true,"showMaterialUpdate":false,"showSkybox":true,"showFlares":true,"showImageEffects":true,"showParticleSystems":true},"in2DMode":false,"pivot":{"x":1.3519997596740723,"y":2.510624408721924,"z":-208.09739685058595},"rotation":{"x":-0.1558975726366043,"y":0.22512978315353394,"z":-0.03651832416653633,"w":-0.9610831141471863},"size":10.0,"orthographic":false}