{"cameraMode":{"drawMode":0,"name":"Shaded","section":"Shading Mode"},"sceneLighting":false,"audioPlay":false,"sceneViewState":{"showFog":true,"showMaterialUpdate":false,"showSkybox":true,"showFlares":true,"showImageEffects":true,"showParticleSystems":true},"in2DMode":false,"pivot":{"x":581.7138671875,"y":336.4455261230469,"z":-302.7971496582031},"rotation":{"x":-0.06026391685009003,"y":-0.01737009733915329,"z":0.0010490338318049908,"w":-0.9980307817459106},"size":420.6690979003906,"orthographic":false}