{"cameraMode":{"drawMode":0,"name":"Shaded","section":"Shading Mode"},"sceneLighting":true,"audioPlay":false,"sceneViewState":{"showFog":true,"showMaterialUpdate":false,"showSkybox":true,"showFlares":true,"showImageEffects":true,"showParticleSystems":true},"in2DMode":false,"pivot":{"x":7.927714824676514,"y":2.1508588790893556,"z":0.8436670303344727},"rotation":{"x":-0.471340149641037,"y":0.000526847317814827,"z":-0.000281523447483778,"w":-0.8819513320922852},"size":10.0,"orthographic":false}