{"cameraMode":{"drawMode":0,"name":"Shaded","section":"Shading Mode"},"sceneLighting":true,"audioPlay":false,"sceneViewState":{"showFog":true,"showMaterialUpdate":false,"showSkybox":true,"showFlares":true,"showImageEffects":true,"showParticleSystems":true},"in2DMode":false,"pivot":{"x":8.043392181396485,"y":4.4039082527160648,"z":-2.710667133331299},"rotation":{"x":-0.5079305171966553,"y":-0.008529883809387684,"z":0.005030112341046333,"w":-0.861341118812561},"size":10.0,"orthographic":false}