{"cameraMode":{"drawMode":0,"name":"Shaded","section":"Shading Mode"},"sceneLighting":true,"audioPlay":false,"sceneViewState":{"showFog":true,"showMaterialUpdate":false,"showSkybox":true,"showFlares":true,"showImageEffects":true,"showParticleSystems":true},"in2DMode":false,"pivot":{"x":7.252105236053467,"y":0.5177750587463379,"z":-2.817531108856201},"rotation":{"x":0.009953725151717663,"y":0.9785907864570618,"z":-0.1997048258781433,"w":0.048775047063827518},"size":10.0,"orthographic":false}