{"cameraMode":{"drawMode":0,"name":"Shaded","section":"Shading Mode"},"sceneLighting":true,"audioPlay":false,"sceneViewState":{"showFog":true,"showMaterialUpdate":false,"showSkybox":true,"showFlares":true,"showImageEffects":true,"showParticleSystems":true},"in2DMode":false,"pivot":{"x":6.458362102508545,"y":1.3339943885803223,"z":0.14723384380340577},"rotation":{"x":-0.4283624291419983,"y":-0.021143920719623567,"z":0.010026761330664158,"w":-0.9033039808273315},"size":10.0,"orthographic":false}