{"cameraMode":{"drawMode":0,"name":"Shaded","section":"Shading Mode"},"sceneLighting":true,"audioPlay":false,"sceneViewState":{"showFog":true,"showMaterialUpdate":false,"showSkybox":true,"showFlares":true,"showImageEffects":true,"showParticleSystems":true},"in2DMode":false,"pivot":{"x":2.1317193508148195,"y":1.3287506103515626,"z":0.12168017774820328},"rotation":{"x":0.6905729174613953,"y":-0.057275112718343738,"z":0.055019255727529529,"w":0.7188891172409058},"size":2.8578836917877199,"orthographic":false}