{"cameraMode":{"drawMode":0,"name":"Shaded","section":"Shading Mode"},"sceneLighting":true,"audioPlay":false,"sceneViewState":{"showFog":true,"showMaterialUpdate":false,"showSkybox":true,"showFlares":true,"showImageEffects":true,"showParticleSystems":true},"in2DMode":false,"pivot":{"x":188.9608917236328,"y":-299.68768310546877,"z":881.4718017578125},"rotation":{"x":-0.16505354642868043,"y":-0.10717948526144028,"z":0.018046271055936815,"w":-0.9802782535552979},"size":1004.9354858398438,"orthographic":false}