{"cameraMode":{"drawMode":0,"name":"Shaded","section":"Shading Mode"},"sceneLighting":true,"audioPlay":false,"sceneViewState":{"showFog":true,"showMaterialUpdate":false,"showSkybox":true,"showFlares":true,"showImageEffects":true,"showParticleSystems":true},"in2DMode":false,"pivot":{"x":7.259754657745361,"y":6.1152849197387699,"z":-2.6091110706329347},"rotation":{"x":-0.3298039138317108,"y":-0.25546571612358096,"z":0.09319719672203064,"w":-0.9040360450744629},"size":10.0,"orthographic":false}