{"cameraMode":{"drawMode":0,"name":"Shaded","section":"Shading Mode"},"sceneLighting":false,"audioPlay":false,"sceneViewState":{"showFog":true,"showMaterialUpdate":false,"showSkybox":true,"showFlares":true,"showImageEffects":true,"showParticleSystems":true},"in2DMode":false,"pivot":{"x":-6.326855182647705,"y":8.977243423461914,"z":3.7515904903411867},"rotation":{"x":-0.20100343227386475,"y":-0.3584383726119995,"z":0.07933013141155243,"w":-0.9082009792327881},"size":22.0,"orthographic":false}