{"cameraMode":{"drawMode":0,"name":"Shaded","section":"Shading Mode"},"sceneLighting":true,"audioPlay":false,"sceneViewState":{"showFog":true,"showMaterialUpdate":false,"showSkybox":true,"showFlares":true,"showImageEffects":true,"showParticleSystems":true},"in2DMode":false,"pivot":{"x":49.36592102050781,"y":152.72024536132813,"z":-195.45809936523438},"rotation":{"x":-0.1816919445991516,"y":-0.08045736700296402,"z":0.014854105189442635,"w":-0.9800136089324951},"size":95.24127197265625,"orthographic":false}