{"cameraMode":{"drawMode":0,"name":"Shaded","section":"Shading Mode"},"sceneLighting":false,"audioPlay":false,"sceneViewState":{"showFog":true,"showMaterialUpdate":false,"showSkybox":false,"showFlares":true,"showImageEffects":true,"showParticleSystems":true},"in2DMode":false,"pivot":{"x":4.137800216674805,"y":5.699999809265137,"z":-15.899999618530274},"rotation":{"x":-0.03320394083857536,"y":-0.07877887040376663,"z":0.0026040421798825266,"w":-0.9963675141334534},"size":4.471577167510986,"orthographic":false}