{"cameraMode":{"drawMode":0,"name":"Shaded","section":"Shading Mode"},"sceneLighting":false,"audioPlay":false,"sceneViewState":{"showFog":true,"showMaterialUpdate":false,"showSkybox":false,"showFlares":true,"showImageEffects":true,"showParticleSystems":true},"in2DMode":false,"pivot":{"x":-0.25273966789245608,"y":2.110107660293579,"z":10.353002548217774},"rotation":{"x":-0.00041444640373811126,"y":0.9972550868988037,"z":0.005675735883414745,"w":0.07401853799819946},"size":1.6822738647460938,"orthographic":false}