{"cameraMode":{"drawMode":0,"name":"Shaded","section":"Shading Mode"},"sceneLighting":false,"audioPlay":false,"sceneViewState":{"showFog":true,"showMaterialUpdate":false,"showSkybox":false,"showFlares":true,"showImageEffects":true,"showParticleSystems":true},"in2DMode":false,"pivot":{"x":0.5241278409957886,"y":-0.01054571196436882,"z":-2.0842623710632326},"rotation":{"x":0.11785651743412018,"y":0.18770065903663636,"z":-0.02268983982503414,"w":0.974879264831543},"size":9.402992248535157,"orthographic":false}