{"cameraMode":{"drawMode":0,"name":"Shaded","section":"Shading Mode"},"sceneLighting":false,"audioPlay":false,"sceneViewState":{"showFog":true,"showMaterialUpdate":false,"showSkybox":false,"showFlares":true,"showImageEffects":true,"showParticleSystems":true},"in2DMode":false,"pivot":{"x":-6.908246994018555,"y":-2.5295064449310304,"z":-1.1956214904785157},"rotation":{"x":-0.21182261407375337,"y":-0.5079131722450256,"z":0.13045519590377809,"w":-0.8247148394584656},"size":12.796173095703125,"orthographic":false}