{"cameraMode":{"drawMode":0,"name":"Shaded","section":"Shading Mode"},"sceneLighting":false,"audioPlay":false,"sceneViewState":{"showFog":true,"showMaterialUpdate":false,"showSkybox":false,"showFlares":true,"showImageEffects":true,"showParticleSystems":true},"in2DMode":false,"pivot":{"x":-5.723461151123047,"y":0.0885171890258789,"z":-0.017057418823242189},"rotation":{"x":-0.08331339806318283,"y":-0.0029932744801044466,"z":0.0002500319678802043,"w":-0.9965282082557678},"size":9.502995491027832,"orthographic":false}