{"cameraMode":{"drawMode":0,"name":"Shaded","section":"Shading Mode"},"sceneLighting":true,"audioPlay":false,"sceneViewState":{"showFog":true,"showMaterialUpdate":false,"showSkybox":true,"showFlares":true,"showImageEffects":true,"showParticleSystems":true},"in2DMode":false,"pivot":{"x":206.6339111328125,"y":-228.79823303222657,"z":430.7125244140625},"rotation":{"x":-0.23807679116725923,"y":-0.3076138198375702,"z":0.07979588955640793,"w":-0.9177837371826172},"size":1211.319091796875,"orthographic":false}