{"cameraMode":{"drawMode":0,"name":"Shaded","section":"Shading Mode"},"sceneLighting":false,"audioPlay":false,"sceneViewState":{"showFog":true,"showMaterialUpdate":false,"showSkybox":false,"showFlares":true,"showImageEffects":true,"showParticleSystems":true},"in2DMode":false,"pivot":{"x":-3.2414679527282717,"y":-7.173283100128174,"z":-8.580721855163575},"rotation":{"x":0.12637588381767274,"y":0.437051922082901,"z":-0.06217239797115326,"w":0.8883553743362427},"size":3.1228058338165285,"orthographic":false}