{"cameraMode":{"drawMode":0,"name":"Shaded","section":"Shading Mode"},"sceneLighting":true,"audioPlay":false,"sceneViewState":{"showFog":true,"showMaterialUpdate":false,"showSkybox":true,"showFlares":true,"showImageEffects":true,"showParticleSystems":true},"in2DMode":false,"pivot":{"x":27.429035186767579,"y":0.5988806486129761,"z":-7.685364246368408},"rotation":{"x":0.17527256906032563,"y":0.049887388944625857,"z":-0.008888778276741505,"w":0.9832226037979126},"size":49.9307861328125,"orthographic":false}